"Metric","Categorical_Variable","Chi_squared","DF","P_value","P_value_FDR"
"Observed OTUs","Age_group",53.2586125281965,10,6.66619629922015e-08,3.99971777953209e-07
"Shannon Diversity","Age_group",13.2052016768189,10,0.212424025737204,0.254908830884645
"Inverse Simpson","Age_group",6.9782610210151,10,0.7274956407014,0.7274956407014
"Observed OTUs","Gender",NA,NA,0.000294791433554087,0.00047337697095058
"Shannon Diversity","Gender",NA,NA,1.29258543674297e-05,3.87775631022891e-05
"Inverse Simpson","Gender",NA,NA,0.000315584647300387,0.00047337697095058
