"cluster","OXYGEN_INDEX","STAIN_INDEX","MOTILITY_INDEX","SPORULATION_INDEX"
"a",0.256722131243891,0.3477797135089,0.0116653258246179,0.0056497175141243
"b",0.416666666666667,0.5,0,0
"c",0.480335708927232,0.309440559440559,0.0951827242524917,0.125
"d",0.0953621031746032,0.636864927279874,0.306802721088435,0.0763888888888889
"e",0.252949852507375,0.666666666666667,0.5,0
"f",0.0468969884604559,0.507936507936508,0.278459821428571,0.025
"g",1,0.015625,1,0
"h",0.253484074766069,0.644244031830239,0.189117524372662,0.0425286519036519
"i",0.321598117252766,0.576036866359447,0.280495169082126,0
