"cluster","n_genera","mean_abundance","sd_abundance","dominant_phyla"
"a",4,3.08553551992903e-17,1.04297630037224e-15,"Firmicutes, Bacteroidetes"
"b",4,3.08553551992903e-17,1.04297630037224e-15,"Proteobacteria, Actinobacteria"
"c",14,3.08553551992903e-17,1.04297630037224e-15,"Proteobacteria, Firmicutes"
"d",20,3.08553551992903e-17,1.04297630037224e-15,"Firmicutes, Bacteroidetes"
"e",3,3.08553551992903e-17,1.04297630037224e-15,"Bacteroidetes, Firmicutes"
"f",15,3.08553551992903e-17,1.04297630037224e-15,"Firmicutes, Bacteroidetes"
"g",3,3.08553551992903e-17,1.04297630037224e-15,"Proteobacteria, Saccharibacteria"
"h",21,3.08553551992903e-17,1.04297630037224e-15,"Actinobacteria, Firmicutes"
"i",9,3.08553551992903e-17,1.04297630037224e-15,"Firmicutes, Proteobacteria"
