"","Q","U-PAH","U-MM","B-VOC"
"Q",1,0.0420454545454545,0.0625,0.0497854077253219
"U-PAH",0.0420454545454545,1,0.00696864111498258,0.696308724832215
"U-MM",0.0625,0.00696864111498258,1,0.00686695278969957
"B-VOC",0.0497854077253219,0.696308724832215,0.00686695278969957,1
